event_id,outer_fold,f0_c2_damage_f1,e1_c2_damage_f1,e1_c3_damage_f1,e1_minus_f0_damage,e1_c2_minus_c3_damage,f0_c2_grade_f1,e1_c2_grade_f1,e1_c3_grade_f1,e1_minus_f0_grade,e1_c2_minus_c3_grade
bata_explosion,0,0.2821093624894489,0.0,0.0,-0.2821093624894489,0.0,0.41512353182376555,0.2500715574605986,0.2500715574605986,-0.16505197436316693,0.0
beirut_explosion_2020,5,0.19884075583477634,0.0,0.0,-0.19884075583477634,0.0,0.44242768859807985,0.32112079027825147,0.32112079027825147,-0.12130689831982838,0.0
haiti_earthquake,3,0.011027003064620643,0.0,0.0,-0.011027003064620643,0.0,0.30572801979525693,0.3306100212012893,0.3306100212012893,0.02488200140603236,0.0
hawaii_wildfire,4,0.550308341717049,0.0,0.0,-0.550308341717049,0.0,0.5358925174140895,0.15671278401761143,0.15671278401761143,-0.37917973339647804,0.0
la_palma_volcano,0,0.2477035610498261,0.0,0.0,-0.2477035610498261,0.0,0.3711608918545577,0.2820362086641733,0.2820362086641733,-0.08912468319038441,0.0
libya_flood,6,0.2425180247290974,0.0,0.0,-0.2425180247290974,0.0,0.3904218751314103,0.26571050314465927,0.26571050314465927,-0.12471137198675103,0.0
marshall_wildfire,5,0.09636749927778963,0.0,0.0,-0.09636749927778963,0.0,0.3669917397754832,0.32140744379105596,0.32140744379105596,-0.04558429598442726,0.0
mexico_hurricane,3,0.06316121842742674,0.0,0.0,-0.06316121842742674,0.0,0.12389932651973719,0.08302846426012567,0.08302846426012567,-0.04087086225961152,0.0
morocco_earthquake,4,0.004422060124812906,0.0,0.0,-0.004422060124812906,0.0,0.21502505749933828,0.33180327018354605,0.33180327018354605,0.11677821268420777,0.0
myanmar_hurricane,2,0.08454422961752034,0.0,0.0,-0.08454422961752034,0.0,0.11511878333790194,0.3167421139760746,0.3167421139760746,0.20162333063817267,0.0
noto_earthquake,1,0.1007177946434827,0.0,0.0,-0.1007177946434827,0.0,0.3242789084766766,0.30427808894795255,0.30427808894795255,-0.020000819528724068,0.0
nyiragongo_2021,6,0.4262168802378389,0.0,0.0,-0.4262168802378389,0.0,0.6087599238511922,0.3134589300455642,0.3134589300455642,-0.29530099380562796,0.0
turkey_eq_2023,2,0.13864845934718473,0.0,0.0,-0.13864845934718473,0.0,0.36097571385111044,0.2961750233419606,0.2961750233419606,-0.06480069050914983,0.0
ukraine_conflict,1,0.262407293698738,0.0,0.0,-0.262407293698738,0.0,0.3378019201269337,0.2679180964961582,0.2679180964961582,-0.0698838236307755,0.0
