pair_id,removed_id,removed_split,review_label,review_action,review_comment
0278728a1385af66be57,spain_volcano_00000127,train,confirmed_overlap,exclude_train_side,
053c76ac6458fcb26619,spain_volcano_00000761,train,confirmed_overlap,exclude_train_side,
05eafa321c33c6dc17c4,spain_volcano_00000091,train,confirmed_overlap,exclude_train_side,
079ce5edaab7e24bf0ef,la_palma_volcano_00000187,train,confirmed_overlap,exclude_train_side,
0900e19037704f9f637a,la_palma_volcano_00000218,train,confirmed_overlap,exclude_train_side,
09f7a39475d34a45f90f,spain_volcano_00000197,train,confirmed_overlap,exclude_train_side,
0a9d200a71afb9d76e7e,spain_volcano_00000250,train,confirmed_overlap,exclude_train_side,
0f7ecb4941606227c097,spain_volcano_00000214,train,confirmed_overlap,exclude_train_side,
15ecfde2bfa90e319e21,spain_volcano_00000552,train,confirmed_overlap,exclude_train_side,
1625c854534a868d3344,la_palma_volcano_00000715,train,confirmed_overlap,exclude_train_side,
16c39114d3251dd8b8b8,la_palma_volcano_00000125,train,confirmed_overlap,exclude_train_side,
17cffeac81ef69917250,spain_volcano_00000171,train,confirmed_overlap,exclude_train_side,
1b5245cc07362060d326,spain_volcano_00000723,train,confirmed_overlap,exclude_train_side,
1f21654e19e1599a72a1,spain_volcano_00000524,train,confirmed_overlap,exclude_train_side,
1f445c040c193bdde201,spain_volcano_00000665,train,confirmed_overlap,exclude_train_side,
22c2680bdebf703ae74d,la_palma_volcano_00000528,train,confirmed_overlap,exclude_train_side,
24bb218dca6e5f127101,spain_volcano_00000656,train,confirmed_overlap,exclude_train_side,
2568de2cb1e03a7e675c,la_palma_volcano_00000497,train,confirmed_overlap,exclude_train_side,
2949b4f9e4c9f629bc06,la_palma_volcano_00000777,train,confirmed_overlap,exclude_train_side,
2a3786058f98a996f1f1,spain_volcano_00000029,train,confirmed_overlap,exclude_train_side,
2c90ac61c96df5b7ea95,spain_volcano_00000383,train,confirmed_overlap,exclude_train_side,
2cfe481e56de71089d0e,la_palma_volcano_00000466,train,confirmed_overlap,exclude_train_side,
33a90f94dc4f570d74e9,spain_volcano_00000355,train,confirmed_overlap,exclude_train_side,
38c1a23c94104fb7ce34,spain_volcano_00000489,train,confirmed_overlap,exclude_train_side,
38ebabdd3dfb5788cd77,la_palma_volcano_00000063,train,confirmed_overlap,exclude_train_side,
3aaaaa3f330eb727d733,la_palma_volcano_00000809,train,confirmed_overlap,exclude_train_side,
3bf2908f4f7238af9420,la_palma_volcano_00000840,train,confirmed_overlap,exclude_train_side,
3c04b4e372424fca38b1,la_palma_volcano_00000622,train,confirmed_overlap,exclude_train_side,
3f099e529729cdd8466e,spain_volcano_00000391,train,confirmed_overlap,exclude_train_side,
433bdb6a1324d63391f2,spain_volcano_00000153,train,confirmed_overlap,exclude_train_side,
4450566dd3bc4746092e,spain_volcano_00000179,train,confirmed_overlap,exclude_train_side,
462c81190b113cf386b6,spain_volcano_00000162,train,confirmed_overlap,exclude_train_side,
494f7ed340afe324b95f,myanmar_hurricane_00000036,train,likely_overlap,exclude_train_side,
4c06198ef3f579bd63b7,spain_volcano_00000047,train,confirmed_overlap,exclude_train_side,
4d509e3731ade22aaa85,spain_volcano_00000480,train,confirmed_overlap,exclude_train_side,
5459da7a7748110e29aa,spain_volcano_00000039,train,confirmed_overlap,exclude_train_side,
574413792dde3d87dfda,la_palma_volcano_00000312,train,confirmed_overlap,exclude_train_side,
5ae27f648ad250d1e895,spain_volcano_00000610,train,confirmed_overlap,exclude_train_side,
5b0be61b05b9765a45ee,spain_volcano_00000704,train,confirmed_overlap,exclude_train_side,
60844dfa8dcd00027ce6,spain_volcano_00000638,train,confirmed_overlap,exclude_train_side,
6148daf8e3468213503f,la_palma_volcano_00000435,train,confirmed_overlap,exclude_train_side,
6294d84ef03eafa64e4a,spain_volcano_00000241,train,confirmed_overlap,exclude_train_side,
64e836c6d79cc3fa7cae,la_palma_volcano_00000839,train,confirmed_overlap,exclude_train_side,
6677c16e02bad04d7c87,la_palma_volcano_00000279,train,confirmed_overlap,exclude_train_side,
6b1ead01101bc86173cf,la_palma_volcano_00000217,train,confirmed_overlap,exclude_train_side,
6b2f97ac4cbf621194dc,spain_volcano_00000020,train,confirmed_overlap,exclude_train_side,
6c68645c5789d0c3fe10,spain_volcano_00000206,train,confirmed_overlap,exclude_train_side,
6e6466d15ca60c160d50,spain_volcano_00000364,train,confirmed_overlap,exclude_train_side,
6ffc1a47562df305d0a7,la_palma_volcano_00000778,train,confirmed_overlap,exclude_train_side,
719559c15b67e04326df,spain_volcano_00000696,train,confirmed_overlap,exclude_train_side,
72469bdc2e4dc48d82d4,la_palma_volcano_00000062,train,confirmed_overlap,exclude_train_side,
73b3887b0b1bb7ccc583,spain_volcano_00000135,train,confirmed_overlap,exclude_train_side,
73c40e5f74c477e79899,la_palma_volcano_00000093,train,confirmed_overlap,exclude_train_side,
7709a098420c49510352,spain_volcano_00000781,train,confirmed_overlap,exclude_train_side,
799e8ffa284b46b77771,la_palma_volcano_00000747,train,confirmed_overlap,exclude_train_side,
7ec55a9dc95d45a46fc2,la_palma_volcano_00000280,train,confirmed_overlap,exclude_train_side,
7f47e67c5b816a48c026,spain_volcano_00000647,train,confirmed_overlap,exclude_train_side,
817e5412e06f3f0c0ef2,la_palma_volcano_00000248,train,confirmed_overlap,exclude_train_side,
821f752dd189547ebfeb,spain_volcano_00000419,train,confirmed_overlap,exclude_train_side,
848204ad360b12ba1c6b,spain_volcano_00000083,train,confirmed_overlap,exclude_train_side,
8a22a3f3d5a7f5f7a338,la_palma_volcano_00000156,train,confirmed_overlap,exclude_train_side,
8ad180526e0107d8a3c0,spain_volcano_00000294,train,confirmed_overlap,exclude_train_side,
8e5cb3a01ae52e5d1346,la_palma_volcano_00000311,train,confirmed_overlap,exclude_train_side,
94fa53d73b275ad2e01f,spain_volcano_00000065,train,confirmed_overlap,exclude_train_side,
973c0e61d5919de65de6,spain_volcano_00000742,train,confirmed_overlap,exclude_train_side,
98a39e2d2476a87d6b52,spain_volcano_00000454,train,confirmed_overlap,exclude_train_side,
9a2f8517de7f82323b79,spain_volcano_00000324,train,confirmed_overlap,exclude_train_side,
9ee26a43287eda1e36ff,spain_volcano_00000810,train,confirmed_overlap,exclude_train_side,
a20542d11bbd54356248,spain_volcano_00000593,train,confirmed_overlap,exclude_train_side,
a599d1ab408e1719082b,la_palma_volcano_00000684,train,confirmed_overlap,exclude_train_side,
a7f6c8e622b88d76fde7,la_palma_volcano_00000249,train,confirmed_overlap,exclude_train_side,
a853c2b5b1a5ea7ee21f,spain_volcano_00000602,train,confirmed_overlap,exclude_train_side,
a854f7f5da6a1142fa82,la_palma_volcano_00000124,train,confirmed_overlap,exclude_train_side,
aca3bc613dc934cd2018,spain_volcano_00000276,train,confirmed_overlap,exclude_train_side,
acc75fa2deb2ff7b8d2f,spain_volcano_00000570,train,confirmed_overlap,exclude_train_side,
b3cef0e9c178b2a79332,spain_volcano_00000516,train,confirmed_overlap,exclude_train_side,
b5571e58b2e0293fdeae,spain_volcano_00000543,train,confirmed_overlap,exclude_train_side,
b7fe6df724cbc6e8e4f1,spain_volcano_00000011,train,confirmed_overlap,exclude_train_side,
b90afe49fbf2dd79832d,la_palma_volcano_00000654,train,confirmed_overlap,exclude_train_side,
b98680a89a053b272111,spain_volcano_00000714,train,confirmed_overlap,exclude_train_side,
bce4f06dec1e769c9e28,spain_volcano_00000100,train,confirmed_overlap,exclude_train_side,
bd420684f8f726efa852,spain_volcano_00000428,train,confirmed_overlap,exclude_train_side,
bd5117d5429a5f1c9b77,spain_volcano_00000579,train,confirmed_overlap,exclude_train_side,
be82943f4236e07aa93e,spain_volcano_00000507,train,confirmed_overlap,exclude_train_side,
c00e1d2653b9bbea77a8,spain_volcano_00000056,train,confirmed_overlap,exclude_train_side,
c20b4488ac96c66e7fb5,spain_volcano_00000676,train,confirmed_overlap,exclude_train_side,
c57997b648478b503f44,myanmar_hurricane_00000030,train,confirmed_overlap,exclude_train_side,
c73d8958367526cbb17c,spain_volcano_00000463,train,confirmed_overlap,exclude_train_side,
c817847c1bd11dde29a2,spain_volcano_00000118,train,confirmed_overlap,exclude_train_side,
ca4c8060be3481395985,spain_volcano_00000232,train,confirmed_overlap,exclude_train_side,
ce711efe84ac2826c765,spain_volcano_00000285,train,confirmed_overlap,exclude_train_side,
d173d8622e13f53b7476,la_palma_volcano_00000653,train,confirmed_overlap,exclude_train_side,
d92a3070d285bb062fc7,spain_volcano_00000886,train,confirmed_overlap,exclude_train_side,
db07026ccd927e708794,spain_volcano_00000751,train,confirmed_overlap,exclude_train_side,
de8315bb75120c1e8635,la_palma_volcano_00000746,train,confirmed_overlap,exclude_train_side,
df08cc19a5dcd9152009,spain_volcano_00000315,train,confirmed_overlap,exclude_train_side,
df7108711ba1eab71d70,la_palma_volcano_00000716,train,confirmed_overlap,exclude_train_side,
e061c0426a56475ea3ac,la_palma_volcano_00000094,train,confirmed_overlap,exclude_train_side,
e197f71fd729b081b27c,la_palma_volcano_00000808,train,confirmed_overlap,exclude_train_side,
e357d53e3ebf3287c4c7,la_palma_volcano_00000623,train,confirmed_overlap,exclude_train_side,
eadb515bb689910b9ea6,spain_volcano_00000347,train,confirmed_overlap,exclude_train_side,
ebce09e83a27b319f878,spain_volcano_00000620,train,confirmed_overlap,exclude_train_side,
ec238db97c6b028aa5a0,spain_volcano_00000258,train,confirmed_overlap,exclude_train_side,
ef493f8b3f38b6f49c4d,la_palma_volcano_00000031,train,confirmed_overlap,exclude_train_side,
f61dabc0d586e98dfd0d,spain_volcano_00000849,train,confirmed_overlap,exclude_train_side,
f788b524f90151c59868,spain_volcano_00000109,train,confirmed_overlap,exclude_train_side,
fc5421bcfc8cf992fd76,la_palma_volcano_00000155,train,confirmed_overlap,exclude_train_side,
