split,event_id,event_name,images,building_pixels,background_pixels,images_with_background,intact_pixels,images_with_intact,intact_share_within_event,intact_share_of_split_class,damaged_pixels,images_with_damaged,damaged_share_within_event,damaged_share_of_split_class,destroyed_pixels,images_with_destroyed,destroyed_share_within_event,destroyed_share_of_split_class
train,beriut_explosion,Beirut explosion,6,1485337,4806119,6,348187,6,0.23441616279672559,0.002941094660047318,735113,6,0.49491327557315273,0.03065325769856025,402037,6,0.27067056163012165,0.017456364191347565
train,hawaii_wildfire,Hawaii wildfire,3,528692,2617036,3,75815,3,0.14340107283635842,0.000640400393040198,29678,3,0.056134762773032316,0.0012375340688817516,423199,3,0.8004641643906093,0.018375213896765965
train,libya_flood,Libya flood,8,2282469,6106139,8,1183930,8,0.5187058400355055,0.010000517540487787,992398,8,0.4347914473318148,0.04138170816396363,106141,8,0.046502712632679785,0.004608620479293751
train,myanmar_hurricane,Myanmar hurricane,78,6912126,74876802,78,6256667,78,0.9051725908931637,0.052849330685505985,612029,45,0.08854424818066106,0.025520814699226013,43430,9,0.006283160926175246,0.001885721704296432
train,spain_la_palma_volcano,Spain volcano,667,80200523,619199669,667,58808269,582,0.7332654052642524,0.49674653540346486,258020,41,0.003217186002639908,0.010759099011148649,21134234,157,0.26351740873310764,0.9176441113856689
train,turkey_earthquake5,Turkey earthquake,19,7119225,12803719,19,6783537,19,0.9528476765378254,0.057299739642586896,127728,19,0.017941278720647262,0.005326091770002304,207960,19,0.02921104474152734,0.00902958060385646
train,ukraine_conflict,Ukraine conflict,426,66871033,379822343,426,44930468,426,0.6718973221185323,0.37952238167486696,21226596,351,0.31742587257475147,0.8851214945882174,713969,140,0.010676805306716287,0.031000387738770882
val,bata_explosion,Bata explosion,13,1232044,12399444,13,739565,13,0.6002748278470574,0.01730063455349127,280126,13,0.22736687975429448,0.04990236006813596,212353,13,0.1723582923986481,0.05757749533977292
val,haiti_earthquake,Haiti earthquake,67,9852439,60402153,67,9692756,67,0.9837925411159613,0.226742516712067,146268,28,0.014845867099507035,0.02605655455918448,13415,5,0.0013615917845317287,0.003637349601762413
val,marshall_wildfire,Marshall wildfire,67,5309850,64944742,67,4943026,67,0.9309163159034625,0.11563214377966202,36659,17,0.006903961505503922,0.006530527754431207,330165,23,0.062179722591033645,0.08952109811896289
val,morocco_earthquake,Morocco earthquake,143,8623252,141323116,143,8544449,143,0.9908615682343506,0.1998801857983327,71737,13,0.008319019321249106,0.012779412136709443,7066,2,0.000819412444400326,0.001915878664633113
val,turkey_earthquake4,Turkey earthquake,67,27031876,43222716,67,18828058,67,0.6965131831767799,0.440444519156447,5078692,67,0.18787789645084196,0.9047311454815389,3125126,67,0.11560892037237815,0.8473481782748686
test,mexico_hurricane,Mexico hurricane,172,26317354,154037718,172,3743911,147,0.14226016034894692,0.0796870209339843,20714379,157,0.7870996073541435,0.8508597206336156,1859064,55,0.07064023229690948,0.31752048098853924
test,noto_earthquake,Noto earthquake,26,4183629,23079347,26,3512767,26,0.8396459150656045,0.0747672520701505,198367,26,0.0474150552068551,0.008148083522220406,472495,26,0.11293902972754037,0.08070020164162173
test,rwanda_volcano,Rwanda volcano,92,8163840,88305152,92,7245109,88,0.8874633750783945,0.15420803340463973,52715,13,0.006457132917842584,0.0021653108776855464,866016,19,0.10607949200376293,0.14791196906818205
test,turkey_earthquake1,Turkey earthquake,72,25681566,49815906,72,22382343,72,0.8715334181723965,0.4763954685868914,1591455,72,0.06196876779243135,0.06537028972488003,1707768,72,0.06649781403517216,0.29167974678485287
test,turkey_earthquake3,Turkey earthquake,26,12836482,14426494,26,10098565,26,0.7867081494758454,0.21494222500433405,1788318,26,0.13931527345264846,0.07345659524159842,949599,26,0.07397657707150604,0.1621876015168041
