event_id,C2_minus_C3_damage_f1,C2_minus_C3_grade_f1,C2_minus_C3_damaged_f1,C2_minus_C3_destroyed_f1,C2_minus_C1_damage_f1,primary_direction
bata_explosion,0.09325276019796912,0.19997230054511098,-0.012750218764361434,0.19925573916029968,0.06781304218028479,positive
beirut_explosion_2020,0.037834938762309624,0.013352267835002762,0.060191643186583786,0.015478234338035447,0.04046260875575905,positive
haiti_earthquake,-0.001926649187619243,0.007694628864524877,-0.008318275167678914,0.004464976792440429,-0.002526960040066036,nonpositive
hawaii_wildfire,0.15546092950376683,0.14578621914392453,0.1514607483796019,0.15946111062793178,0.37491923931716314,positive
la_palma_volcano,0.09310793214390668,0.09284889578549434,-0.005253312228963154,0.19146917651677653,0.13639448730485157,positive
libya_flood,0.07623740676950613,0.04800454222949017,-0.08025021341526913,0.2327250269542814,0.09262586886511247,positive
marshall_wildfire,0.04556122803981546,0.16032489191546104,0.0,0.09112245607963092,0.0408677445889472,positive
mexico_hurricane,-0.06785320882957714,-0.036632882564402044,-0.15549521422420062,0.019788796565046302,-0.15201637430872392,nonpositive
morocco_earthquake,-0.0004447500270699737,0.03818127374165491,0.0013904554779192873,-0.0022799555320592354,0.005554479675771312,nonpositive
myanmar_hurricane,-0.004358130852724439,-0.073862346702335,-0.003691689927701599,-0.005024571777747276,0.0007711518928688784,nonpositive
noto_earthquake,-0.07276676804480788,0.1493445143777121,0.035688888142872494,-0.18122242423248824,-0.0421667821131266,nonpositive
nyiragongo_2021,0.3470058485577437,0.24946852139106593,0.017383906342703537,0.6766277907727837,0.3079235575899052,positive
turkey_eq_2023,0.10030993133744533,0.04966708933993319,0.08020699746541789,0.1204128652094728,0.0120299586462011,positive
ukraine_conflict,0.06624806503517981,0.026558130612135005,0.06329121360800481,0.06920491646235483,0.02850755579601309,positive
