model,experiment,disaster_type,sample_count,iou_building,f1_building,precision_building,recall_building,overall_accuracy,tp,fp,fn,tn
O1,"U-Net ResNet34, train frequent disasters",conflict,86,0.5648781952819468,0.7219452568066127,0.6740368281861252,0.7771851450270052,0.9195719541505326,9415640.0,4553389.0,2699414.0,73509093.0
O1,"U-Net ResNet34, train frequent disasters",earthquake,171,0.7038910705449254,0.8262160448083249,0.762653468876194,0.9013370635692947,0.9212608560484056,33561446.0,10444708.0,3673732.0,131626610.0
O1,"U-Net ResNet34, train frequent disasters",explosion,8,0.49114240168119844,0.658746476697942,0.590407361174624,0.744976872717292,0.8819983005523682,955409.0,662811.0,327059.0,6443329.0
O1,"U-Net ResNet34, train frequent disasters",fire,55,0.466757814122552,0.6364483756328609,0.5974984780613273,0.6808305474015741,0.9474666248668324,2651948.0,1786470.0,1243218.0,51990044.0
O1,"U-Net ResNet34, train frequent disasters",flood,6,0.684896459711365,0.8129834397404962,0.7347094897544195,0.9099242987381875,0.8933884302775065,1457898.0,526421.0,144321.0,4162816.0
O1,"U-Net ResNet34, train frequent disasters",hurricane,105,0.6956478884387967,0.8205098395508138,0.7549365681413489,0.8985579669432532,0.9468821661812918,13367270.0,4339211.0,1509088.0,90884911.0
O1,"U-Net ResNet34, train frequent disasters",volcano,133,0.8468215632569432,0.917058345110006,0.8832254746593823,0.9535864665370493,0.9813576174857921,14372994.0,1900307.0,699571.0,122487736.0
O2,"U-Net ResNet34, train all disasters",conflict,86,0.554062844153012,0.7130507575515516,0.640556063902436,0.8040486654042153,0.9130591348160145,9741093.0,5466152.0,2373961.0,72596330.0
O2,"U-Net ResNet34, train all disasters",earthquake,171,0.6700490192838134,0.8024303616802317,0.7130559446553002,0.9174197314163505,0.9061858528538754,34160287.0,13746595.0,3074891.0,128324723.0
O2,"U-Net ResNet34, train all disasters",explosion,8,0.48005389953196564,0.6486978611843421,0.5564867846756817,0.7775375292015083,0.8712502717971802,997167.0,794730.0,285301.0,6311410.0
O2,"U-Net ResNet34, train all disasters",fire,55,0.6356011909864363,0.777208031504432,0.7414138103916488,0.8166337455194465,0.9683784658258612,3180924.0,1109425.0,714242.0,52667089.0
O2,"U-Net ResNet34, train all disasters",flood,6,0.6552537381591319,0.7917260333607384,0.6827353540068369,0.9421252650230711,0.8737680117289225,1509491.0,701455.0,92728.0,3987782.0
O2,"U-Net ResNet34, train all disasters",hurricane,105,0.684552545116065,0.8127411010131472,0.7384733884893913,0.9036172025437946,0.9437383924211774,13442533.0,4760605.0,1433825.0,90463517.0
O2,"U-Net ResNet34, train all disasters",volcano,133,0.8536209441555166,0.9210307499459273,0.8903278828002249,0.9539268200203482,0.9823207209881087,14378124.0,1771122.0,694441.0,122616921.0
O3,"DeepLabV3+ ResNet50, train frequent disasters",conflict,86,0.5448150618993939,0.7053466467753471,0.6712351747410908,0.7431107612066773,0.9165897702061853,9002827.0,4409502.0,3112227.0,73652980.0
O3,"DeepLabV3+ ResNet50, train frequent disasters",earthquake,171,0.6371340613238764,0.7783529478443015,0.6687559190462485,0.9309127513772057,0.8899014065837303,34662702.0,17168917.0,2572476.0,124902401.0
O3,"DeepLabV3+ ResNet50, train frequent disasters",explosion,8,0.4390133956376721,0.6101588726950404,0.501098193091604,0.7798986017584845,0.8476405143737793,1000195.0,995811.0,282273.0,6110329.0
O3,"DeepLabV3+ ResNet50, train frequent disasters",fire,55,0.4228614085310536,0.5943817240325762,0.5188090895028403,0.6957249062042542,0.9358667893843218,2709964.0,2513468.0,1185202.0,51263046.0
O3,"DeepLabV3+ ResNet50, train frequent disasters",flood,6,0.53616091664139,0.6980530631043965,0.5415168618417724,0.9818869954731532,0.7836761474609375,1573198.0,1331971.0,29021.0,3357266.0
O3,"DeepLabV3+ ResNet50, train frequent disasters",hurricane,105,0.6777479751793707,0.807925844889679,0.7310694650097614,0.9028402650702544,0.9419976279849098,13430975.0,4940706.0,1445383.0,90283416.0
O3,"DeepLabV3+ ResNet50, train frequent disasters",volcano,133,0.8506416777080535,0.9192937649189222,0.8970953360729199,0.9426186584698756,0.9821123037123143,14207681.0,1629745.0,864884.0,122758298.0
O4,"SegFormer-B0, train frequent disasters",conflict,86,0.5557754843807415,0.7144674664956062,0.6418466492282666,0.8056179526727656,0.91349140433378,9760105.0,5446183.0,2354949.0,72616299.0
O4,"SegFormer-B0, train frequent disasters",earthquake,171,0.7115975455224376,0.8315010118868029,0.7542335071481577,0.9264068242133823,0.9220306943034569,34494923.0,11240148.0,2740255.0,130831170.0
O4,"SegFormer-B0, train frequent disasters",explosion,8,0.4986343244356384,0.665451626597991,0.6057364777540339,0.7382281663168204,0.8865199089050293,946754.0,616226.0,335714.0,6489914.0
O4,"SegFormer-B0, train frequent disasters",fire,55,0.41903123175295115,0.5905877508211224,0.5054403897531576,0.7102351992187239,0.9334922963922674,2766484.0,2706929.0,1128682.0,51069585.0
O4,"SegFormer-B0, train frequent disasters",flood,6,0.6717036434306912,0.8036156959641634,0.6919157143372148,0.9583234251996762,0.8807190259297689,1535444.0,683676.0,66775.0,4005561.0
O4,"SegFormer-B0, train frequent disasters",hurricane,105,0.6859490632439331,0.8137245403180796,0.7667055742985851,0.8668872448485039,0.946373648870559,12896125.0,3924054.0,1980233.0,91300068.0
O4,"SegFormer-B0, train frequent disasters",volcano,133,0.8256770921958372,0.9045160239182847,0.8563730648705756,0.9583943409764695,0.9781312440571032,14445461.0,2422726.0,627104.0,121965317.0
