id,source_event_name,source_split,annotation_count,background_pixels,intact_pixels,damaged_pixels,destroyed_pixels,intact_instances,damaged_instances,destroyed_instances
brightv1__beirut-explosion_00000000,beirut-explosion,train,8,1027867,20709,0,0,8,0,0
brightv1__beirut-explosion_00000001,beirut-explosion,train,47,983131,19481,45964,0,36,11,0
brightv1__beirut-explosion_00000003,beirut-explosion,val,6,1025679,0,3509,19388,0,5,1
brightv1__beirut-explosion_00000005,beirut-explosion,val,12,1004872,37322,6382,0,10,2,0
brightv1__beirut-explosion_00000006,beirut-explosion,train,1,1009475,39101,0,0,1,0,0
brightv1__beirut-explosion_00000007,beirut-explosion,train,15,1028689,19887,0,0,15,0,0
brightv1__beirut-explosion_00000008,beirut-explosion,val,70,943619,104957,0,0,70,0,0
brightv1__beirut-explosion_00000009,beirut-explosion,val,58,897427,151149,0,0,58,0,0
brightv1__beirut-explosion_00000010,beirut-explosion,train,67,895743,152833,0,0,67,0,0
brightv1__beirut-explosion_00000011,beirut-explosion,train,82,742943,305633,0,0,82,0,0
brightv1__beirut-explosion_00000012,beirut-explosion,train,38,816411,232165,0,0,38,0,0
brightv1__beirut-explosion_00000014,beirut-explosion,train,45,974358,25974,48244,0,19,26,0
brightv1__beirut-explosion_00000017,beirut-explosion,train,136,852857,20079,154129,21511,34,99,3
brightv1__beirut-explosion_00000018,beirut-explosion,val,178,708048,24269,316259,0,36,142,0
brightv1__beirut-explosion_00000019,beirut-explosion,train,61,853335,89595,105646,0,39,22,0
brightv1__beirut-explosion_00000020,beirut-explosion,train,73,741294,307282,0,0,73,0,0
brightv1__beirut-explosion_00000021,beirut-explosion,train,10,1004192,44384,0,0,10,0,0
brightv1__beirut-explosion_00000022,beirut-explosion,train,106,854717,193859,0,0,106,0,0
brightv1__beirut-explosion_00000023,beirut-explosion,train,215,533699,514877,0,0,215,0,0
brightv1__beirut-explosion_00000024,beirut-explosion,train,240,440479,608097,0,0,240,0,0
brightv1__beirut-explosion_00000026,beirut-explosion,val,231,558596,489980,0,0,231,0,0
brightv1__beirut-explosion_00000027,beirut-explosion,val,132,591180,457396,0,0,132,0,0
brightv1__beirut-explosion_00000028,beirut-explosion,train,103,479601,568975,0,0,103,0,0
brightv1__beirut-explosion_00000029,beirut-explosion,train,84,731403,174590,142583,0,47,37,0
brightv1__beirut-explosion_00000030,beirut-explosion,val,167,651547,54037,288186,54806,53,106,8
brightv1__beirut-explosion_00000031,beirut-explosion,train,183,658148,106730,140517,143181,96,74,13
brightv1__beirut-explosion_00000032,beirut-explosion,train,350,543654,341171,163751,0,258,92,0
brightv1__beirut-explosion_00000033,beirut-explosion,train,387,660281,369519,18776,0,376,11,0
brightv1__beirut-explosion_00000034,beirut-explosion,train,192,772191,271857,4528,0,189,3,0
brightv1__beirut-explosion_00000035,beirut-explosion,train,176,625079,423497,0,0,176,0,0
brightv1__beirut-explosion_00000036,beirut-explosion,val,99,785570,263006,0,0,99,0,0
brightv1__beirut-explosion_00000037,beirut-explosion,val,141,830966,217610,0,0,141,0,0
brightv1__beirut-explosion_00000038,beirut-explosion,train,224,588841,459735,0,0,224,0,0
brightv1__beirut-explosion_00000039,beirut-explosion,train,334,460202,588374,0,0,334,0,0
brightv1__beirut-explosion_00000040,beirut-explosion,train,231,576965,471611,0,0,231,0,0
brightv1__beirut-explosion_00000041,beirut-explosion,train,312,466719,581857,0,0,312,0,0
brightv1__beirut-explosion_00000042,beirut-explosion,train,252,567796,480780,0,0,252,0,0
brightv1__beirut-explosion_00000043,beirut-explosion,train,126,779008,269568,0,0,126,0,0
brightv1__beirut-explosion_00000044,beirut-explosion,train,195,590073,458503,0,0,195,0,0
brightv1__beirut-explosion_00000045,beirut-explosion,train,306,519070,529506,0,0,306,0,0
brightv1__beirut-explosion_00000046,beirut-explosion,val,257,567448,481128,0,0,257,0,0
brightv1__beirut-explosion_00000048,beirut-explosion,train,394,579201,469375,0,0,394,0,0
brightv1__beirut-explosion_00000049,beirut-explosion,train,730,504733,543843,0,0,730,0,0
brightv1__beirut-explosion_00000050,beirut-explosion,train,538,345719,702857,0,0,538,0,0
brightv1__beirut-explosion_00000051,beirut-explosion,val,390,454020,594556,0,0,390,0,0
brightv1__beirut-explosion_00000052,beirut-explosion,val,13,1015575,33001,0,0,13,0,0
brightv1__beirut-explosion_00000053,beirut-explosion,train,167,610704,437872,0,0,167,0,0
brightv1__beirut-explosion_00000055,beirut-explosion,train,345,499965,548611,0,0,345,0,0
brightv1__beirut-explosion_00000056,beirut-explosion,val,334,397076,651500,0,0,334,0,0
brightv1__beirut-explosion_00000059,beirut-explosion,train,245,595814,452762,0,0,245,0,0
brightv1__beirut-explosion_00000060,beirut-explosion,train,201,538225,510351,0,0,201,0,0
brightv1__beirut-explosion_00000062,beirut-explosion,train,357,562202,486374,0,0,357,0,0
brightv1__beirut-explosion_00000063,beirut-explosion,train,410,641143,407433,0,0,410,0,0
brightv1__beirut-explosion_00000064,beirut-explosion,val,973,438584,609992,0,0,973,0,0
brightv1__beirut-explosion_00000065,beirut-explosion,train,662,412557,636019,0,0,662,0,0
brightv1__beirut-explosion_00000066,beirut-explosion,train,141,762717,285859,0,0,141,0,0
brightv1__beirut-explosion_00000067,beirut-explosion,train,29,923554,125022,0,0,29,0,0
brightv1__beirut-explosion_00000068,beirut-explosion,train,131,651336,397240,0,0,131,0,0
brightv1__beirut-explosion_00000070,beirut-explosion,train,324,377085,671491,0,0,324,0,0
brightv1__beirut-explosion_00000071,beirut-explosion,train,312,409042,639534,0,0,312,0,0
brightv1__beirut-explosion_00000072,beirut-explosion,train,452,310082,738494,0,0,452,0,0
brightv1__beirut-explosion_00000074,beirut-explosion,train,223,627448,421128,0,0,223,0,0
brightv1__beirut-explosion_00000076,beirut-explosion,train,191,695324,353252,0,0,191,0,0
brightv1__beirut-explosion_00000077,beirut-explosion,train,77,834657,213919,0,0,77,0,0
brightv1__beirut-explosion_00000078,beirut-explosion,train,368,585280,463296,0,0,368,0,0
brightv1__beirut-explosion_00000079,beirut-explosion,train,186,751223,297353,0,0,186,0,0
brightv1__beirut-explosion_00000080,beirut-explosion,train,126,767842,280734,0,0,126,0,0
brightv1__beirut-explosion_00000081,beirut-explosion,val,67,871317,177259,0,0,67,0,0
brightv1__beirut-explosion_00000082,beirut-explosion,train,224,729252,319324,0,0,224,0,0
brightv1__beirut-explosion_00000083,beirut-explosion,val,274,590458,458118,0,0,274,0,0
brightv1__beirut-explosion_00000084,beirut-explosion,train,309,515690,532886,0,0,309,0,0
brightv1__beirut-explosion_00000085,beirut-explosion,train,444,425193,623383,0,0,444,0,0
brightv1__beirut-explosion_00000086,beirut-explosion,train,222,695716,352860,0,0,222,0,0
brightv1__beirut-explosion_00000087,beirut-explosion,train,151,724953,323623,0,0,151,0,0
brightv1__beirut-explosion_00000088,beirut-explosion,train,138,764534,284042,0,0,138,0,0
brightv1__beirut-explosion_00000089,beirut-explosion,train,85,912224,136352,0,0,85,0,0
brightv1__beirut-explosion_00000090,beirut-explosion,train,98,739188,309388,0,0,98,0,0
brightv1__beirut-explosion_00000091,beirut-explosion,val,253,694200,354376,0,0,253,0,0
brightv1__beirut-explosion_00000092,beirut-explosion,val,225,635351,413225,0,0,225,0,0
brightv1__beirut-explosion_00000093,beirut-explosion,train,200,656153,392423,0,0,200,0,0
brightv1__beirut-explosion_00000094,beirut-explosion,train,31,978898,69678,0,0,31,0,0
brightv1__beirut-explosion_00000095,beirut-explosion,train,155,802158,246418,0,0,155,0,0
brightv1__beirut-explosion_00000096,beirut-explosion,train,239,775852,272724,0,0,239,0,0
brightv1__beirut-explosion_00000097,beirut-explosion,train,230,612688,435888,0,0,230,0,0
brightv1__beirut-explosion_00000098,beirut-explosion,train,435,401721,646855,0,0,435,0,0
brightv1__beirut-explosion_00000099,beirut-explosion,train,117,862773,185803,0,0,117,0,0
brightv1__beirut-explosion_00000100,beirut-explosion,val,175,602649,445927,0,0,175,0,0
brightv1__beirut-explosion_00000103,beirut-explosion,train,86,796338,252238,0,0,86,0,0
brightv1__beirut-explosion_00000104,beirut-explosion,train,130,745997,302579,0,0,130,0,0
brightv1__beirut-explosion_00000105,beirut-explosion,val,199,665319,383257,0,0,199,0,0
brightv1__beirut-explosion_00000106,beirut-explosion,val,298,581001,467575,0,0,298,0,0
brightv1__beirut-explosion_00000107,beirut-explosion,train,10,1023424,25152,0,0,10,0,0
brightv1__beirut-explosion_00000108,beirut-explosion,train,85,794929,253647,0,0,85,0,0
brightv1__beirut-explosion_00000109,beirut-explosion,train,80,771629,276947,0,0,80,0,0
brightv1__beirut-explosion_00000110,beirut-explosion,val,361,490632,557944,0,0,361,0,0
brightv1__beirut-explosion_00000111,beirut-explosion,val,311,588291,460285,0,0,311,0,0
brightv1__beirut-explosion_00000112,beirut-explosion,train,83,944317,104259,0,0,83,0,0
brightv1__beirut-explosion_00000113,beirut-explosion,val,274,643024,405552,0,0,274,0,0
brightv1__beirut-explosion_00000114,beirut-explosion,train,364,483037,565539,0,0,364,0,0
brightv1__beirut-explosion_00000115,beirut-explosion,val,233,667796,380780,0,0,233,0,0
brightv1__beirut-explosion_00000116,beirut-explosion,train,93,916221,132355,0,0,93,0,0
brightv1__beirut-explosion_00000117,beirut-explosion,train,127,801088,247488,0,0,127,0,0
brightv1__beirut-explosion_00000118,beirut-explosion,val,137,825808,222768,0,0,137,0,0
brightv1__beirut-explosion_00000119,beirut-explosion,train,136,739284,309292,0,0,136,0,0
brightv1__beirut-explosion_00000120,beirut-explosion,train,25,998892,49684,0,0,25,0,0
brightv1__beirut-explosion_00000121,beirut-explosion,train,53,930754,117822,0,0,53,0,0
brightv1__beirut-explosion_00000122,beirut-explosion,train,44,962784,85792,0,0,44,0,0
brightv1__beirut-explosion_00000123,beirut-explosion,train,160,845528,203048,0,0,160,0,0
brightv1__beirut-explosion_00000124,beirut-explosion,train,87,906091,142485,0,0,87,0,0
brightv1__beirut-explosion_00000125,beirut-explosion,train,64,961153,87423,0,0,64,0,0
brightv1__beirut-explosion_00000126,beirut-explosion,train,131,869260,179316,0,0,131,0,0
brightv1__beirut-explosion_00000127,beirut-explosion,train,140,875006,173570,0,0,140,0,0
brightv1__beirut-explosion_00000128,beirut-explosion,train,69,926585,121991,0,0,69,0,0
brightv1__beirut-explosion_00000129,beirut-explosion,train,36,1009794,38782,0,0,36,0,0
brightv1__beirut-explosion_00000130,beirut-explosion,train,51,985243,63333,0,0,51,0,0
brightv1__beirut-explosion_00000132,beirut-explosion,train,34,928324,120252,0,0,34,0,0
brightv1__hawaii-wildfire_00000000,hawaii-wildfire,train,31,984402,35044,29130,0,17,14,0
brightv1__hawaii-wildfire_00000001,hawaii-wildfire,train,74,927589,45023,73613,2351,28,44,2
brightv1__hawaii-wildfire_00000003,hawaii-wildfire,val,192,745124,30424,36962,236066,24,24,144
brightv1__hawaii-wildfire_00000006,hawaii-wildfire,train,134,861537,22185,16985,147869,16,9,109
brightv1__hawaii-wildfire_00000007,hawaii-wildfire,train,1,1039227,9349,0,0,1,0,0
brightv1__hawaii-wildfire_00000009,hawaii-wildfire,val,122,876976,6549,0,165051,4,0,118
brightv1__hawaii-wildfire_00000010,hawaii-wildfire,train,18,1001726,42725,0,4125,13,0,5
brightv1__hawaii-wildfire_00000011,hawaii-wildfire,train,18,1025062,23514,0,0,18,0,0
brightv1__hawaii-wildfire_00000012,hawaii-wildfire,val,7,1040748,7828,0,0,7,0,0
brightv1__hawaii-wildfire_00000013,hawaii-wildfire,train,86,880942,8775,11838,147021,5,4,77
brightv1__hawaii-wildfire_00000014,hawaii-wildfire,val,92,882624,48301,23555,94096,28,13,51
brightv1__hawaii-wildfire_00000015,hawaii-wildfire,train,72,892645,112360,43571,0,50,22,0
brightv1__hawaii-wildfire_00000016,hawaii-wildfire,val,57,903976,129191,15409,0,50,7,0
brightv1__hawaii-wildfire_00000017,hawaii-wildfire,train,39,957848,66710,24018,0,32,7,0
brightv1__hawaii-wildfire_00000018,hawaii-wildfire,train,19,973279,68163,1374,5760,15,1,3
brightv1__hawaii-wildfire_00000019,hawaii-wildfire,train,1,1045644,2932,0,0,1,0,0
brightv1__hawaii-wildfire_00000021,hawaii-wildfire,train,45,819575,166094,49138,13769,27,16,2
brightv1__hawaii-wildfire_00000022,hawaii-wildfire,train,37,848491,193023,7062,0,35,2,0
brightv1__hawaii-wildfire_00000023,hawaii-wildfire,train,28,950931,57648,7220,32777,20,1,7
brightv1__hawaii-wildfire_00000024,hawaii-wildfire,train,105,876377,99376,39057,33766,53,25,27
brightv1__hawaii-wildfire_00000025,hawaii-wildfire,train,155,726091,191454,130897,134,94,60,1
brightv1__hawaii-wildfire_00000026,hawaii-wildfire,val,111,793274,198683,56619,0,87,24,0
brightv1__hawaii-wildfire_00000027,hawaii-wildfire,train,7,1038358,8145,2073,0,6,1,0
brightv1__hawaii-wildfire_00000029,hawaii-wildfire,train,168,709101,227156,36558,75761,111,17,40
brightv1__hawaii-wildfire_00000030,hawaii-wildfire,train,101,739485,67936,58341,182814,36,13,52
brightv1__hawaii-wildfire_00000031,hawaii-wildfire,train,112,766718,81886,10739,189233,20,3,89
brightv1__hawaii-wildfire_00000032,hawaii-wildfire,train,170,754442,22299,5943,265892,8,3,159
brightv1__hawaii-wildfire_00000033,hawaii-wildfire,train,149,779961,5276,7213,256126,5,5,139
brightv1__hawaii-wildfire_00000034,hawaii-wildfire,train,16,1025654,2399,12015,8508,6,6,4
brightv1__hawaii-wildfire_00000035,hawaii-wildfire,train,11,1028896,966,18714,0,1,10,0
brightv1__hawaii-wildfire_00000036,hawaii-wildfire,val,46,975021,2164,2309,69082,1,1,44
brightv1__hawaii-wildfire_00000037,hawaii-wildfire,train,64,757079,74553,4300,212644,13,1,50
brightv1__hawaii-wildfire_00000038,hawaii-wildfire,train,101,856911,12440,2540,176685,23,2,76
brightv1__hawaii-wildfire_00000039,hawaii-wildfire,train,151,809377,3434,0,235765,12,0,139
brightv1__hawaii-wildfire_00000040,hawaii-wildfire,train,59,978711,2817,0,67048,7,0,52
brightv1__hawaii-wildfire_00000041,hawaii-wildfire,val,32,900908,3109,46117,98442,1,1,30
brightv1__hawaii-wildfire_00000042,hawaii-wildfire,train,96,806848,21532,8954,211242,12,4,80
brightv1__hawaii-wildfire_00000043,hawaii-wildfire,train,32,976210,786,3669,67911,1,1,30
brightv1__hawaii-wildfire_00000044,hawaii-wildfire,train,5,1044754,3822,0,0,5,0,0
brightv1__hawaii-wildfire_00000045,hawaii-wildfire,train,94,845394,4898,2396,195888,3,1,90
brightv1__hawaii-wildfire_00000046,hawaii-wildfire,val,105,882732,8969,1416,155459,9,1,95
brightv1__hawaii-wildfire_00000048,hawaii-wildfire,val,38,984105,8370,1683,54418,3,1,34
brightv1__hawaii-wildfire_00000049,hawaii-wildfire,train,72,905027,33615,0,109934,14,0,58
brightv1__hawaii-wildfire_00000050,hawaii-wildfire,train,23,997499,25268,0,25809,11,0,12
brightv1__hawaii-wildfire_00000051,hawaii-wildfire,train,12,1006056,324,0,42196,2,0,10
brightv1__hawaii-wildfire_00000052,hawaii-wildfire,train,87,883366,45127,2087,117996,11,2,74
brightv1__hawaii-wildfire_00000053,hawaii-wildfire,train,120,802735,22094,1901,221846,16,1,103
brightv1__hawaii-wildfire_00000054,hawaii-wildfire,train,28,1025287,2440,0,20849,8,0,20
brightv1__hawaii-wildfire_00000055,hawaii-wildfire,train,4,1041778,6798,0,0,4,0,0
brightv1__hawaii-wildfire_00000056,hawaii-wildfire,val,18,1035167,13409,0,0,18,0,0
brightv1__hawaii-wildfire_00000057,hawaii-wildfire,train,9,1039092,3445,0,6039,1,0,8
brightv1__hawaii-wildfire_00000058,hawaii-wildfire,val,115,860291,2856,0,185429,2,0,113
brightv1__hawaii-wildfire_00000060,hawaii-wildfire,val,2,1046492,2084,0,0,2,0,0
brightv1__hawaii-wildfire_00000061,hawaii-wildfire,train,11,1034958,13618,0,0,11,0,0
brightv1__hawaii-wildfire_00000062,hawaii-wildfire,val,26,1004609,15280,0,28687,9,0,17
brightv1__hawaii-wildfire_00000064,hawaii-wildfire,train,6,1037717,10859,0,0,6,0,0
brightv1__libya-flood_00000001,libya-flood,train,2,1047905,0,671,0,0,2,0
brightv1__libya-flood_00000002,libya-flood,train,17,999180,0,49396,0,0,17,0
brightv1__libya-flood_00000003,libya-flood,val,5,1035922,0,12654,0,0,5,0
brightv1__libya-flood_00000004,libya-flood,train,183,765616,249022,33938,0,165,18,0
brightv1__libya-flood_00000005,libya-flood,train,181,716576,0,327424,4576,0,179,2
brightv1__libya-flood_00000007,libya-flood,val,204,607159,0,439516,1901,0,202,2
brightv1__libya-flood_00000008,libya-flood,train,160,642647,0,383607,22322,0,151,9
brightv1__libya-flood_00000009,libya-flood,train,4,1036870,0,11706,0,0,4,0
brightv1__libya-flood_00000010,libya-flood,val,84,944817,3427,100332,0,3,81,0
brightv1__libya-flood_00000012,libya-flood,train,172,648045,0,387377,13154,0,165,7
brightv1__libya-flood_00000013,libya-flood,train,209,663611,0,326928,58037,0,182,27
brightv1__libya-flood_00000014,libya-flood,val,243,383624,0,615250,49702,0,225,18
brightv1__libya-flood_00000015,libya-flood,train,202,467374,0,445919,135283,0,155,47
brightv1__libya-flood_00000019,libya-flood,train,72,892485,129953,26138,0,63,9,0
brightv1__libya-flood_00000020,libya-flood,train,96,858427,56062,134087,0,40,56,0
brightv1__libya-flood_00000022,libya-flood,train,214,566889,0,458536,23151,0,202,12
brightv1__libya-flood_00000023,libya-flood,val,241,509040,0,285356,254180,0,143,98
brightv1__libya-flood_00000025,libya-flood,train,223,646484,0,301599,100493,0,169,54
brightv1__libya-flood_00000026,libya-flood,train,67,886974,0,160915,687,0,66,1
brightv1__libya-flood_00000027,libya-flood,train,1,1048156,0,420,0,0,1,0
brightv1__libya-flood_00000028,libya-flood,train,147,743507,305069,0,0,147,0,0
brightv1__libya-flood_00000029,libya-flood,train,197,533981,514595,0,0,197,0,0
brightv1__libya-flood_00000030,libya-flood,train,78,848754,199822,0,0,78,0,0
brightv1__libya-flood_00000031,libya-flood,train,132,727127,321449,0,0,132,0,0
brightv1__libya-flood_00000032,libya-flood,val,227,575814,464955,7807,0,224,3,0
brightv1__libya-flood_00000034,libya-flood,train,182,655402,15287,165722,212165,18,88,76
brightv1__libya-flood_00000036,libya-flood,val,155,764900,0,283676,0,0,155,0
brightv1__libya-flood_00000037,libya-flood,train,27,973093,1351,74132,0,2,25,0
brightv1__libya-flood_00000038,libya-flood,train,8,1034755,2303,11518,0,4,4,0
brightv1__libya-flood_00000041,libya-flood,val,67,922528,126048,0,0,67,0,0
brightv1__libya-flood_00000042,libya-flood,val,226,629977,418599,0,0,226,0,0
brightv1__libya-flood_00000043,libya-flood,train,119,755002,293574,0,0,119,0,0
brightv1__libya-flood_00000044,libya-flood,train,169,627089,421487,0,0,169,0,0
brightv1__libya-flood_00000045,libya-flood,train,210,495555,553021,0,0,210,0,0
brightv1__libya-flood_00000048,libya-flood,train,174,707093,219273,122210,0,110,64,0
brightv1__libya-flood_00000049,libya-flood,train,103,799273,31838,217465,0,15,88,0
brightv1__libya-flood_00000050,libya-flood,val,89,879231,169345,0,0,89,0,0
brightv1__libya-flood_00000054,libya-flood,train,1,1048309,267,0,0,1,0,0
brightv1__libya-flood_00000055,libya-flood,train,17,1032110,16466,0,0,17,0,0
brightv1__libya-flood_00000056,libya-flood,train,77,951065,97511,0,0,77,0,0
brightv1__libya-flood_00000059,libya-flood,train,114,770132,278444,0,0,114,0,0
brightv1__libya-flood_00000060,libya-flood,train,101,775656,272920,0,0,101,0,0
brightv1__libya-flood_00000061,libya-flood,train,92,831268,217308,0,0,92,0,0
brightv1__libya-flood_00000062,libya-flood,train,79,833841,214735,0,0,79,0,0
brightv1__libya-flood_00000063,libya-flood,train,88,737688,310888,0,0,88,0,0
brightv1__libya-flood_00000064,libya-flood,train,93,743789,304787,0,0,93,0,0
brightv1__libya-flood_00000065,libya-flood,train,8,1041249,7327,0,0,8,0,0
brightv1__libya-flood_00000066,libya-flood,train,1,1047025,1551,0,0,1,0,0
brightv1__libya-flood_00000070,libya-flood,train,6,1042614,0,5962,0,0,6,0
brightv1__libya-flood_00000072,libya-flood,train,130,776039,272537,0,0,130,0,0
brightv1__libya-flood_00000075,libya-flood,train,63,929040,119536,0,0,63,0,0
brightv1__libya-flood_00000076,libya-flood,train,206,638481,410095,0,0,206,0,0
brightv1__libya-flood_00000077,libya-flood,train,131,676064,372512,0,0,131,0,0
brightv1__libya-flood_00000078,libya-flood,train,119,710201,338375,0,0,119,0,0
brightv1__libya-flood_00000079,libya-flood,val,118,820685,227891,0,0,118,0,0
brightv1__libya-flood_00000080,libya-flood,train,211,658218,390358,0,0,211,0,0
brightv1__libya-flood_00000081,libya-flood,val,91,857567,191009,0,0,91,0,0
brightv1__libya-flood_00000082,libya-flood,train,18,1012872,35704,0,0,18,0,0
brightv1__libya-flood_00000085,libya-flood,val,16,1035011,13565,0,0,16,0,0
brightv1__libya-flood_00000086,libya-flood,train,47,983501,65075,0,0,47,0,0
brightv1__libya-flood_00000087,libya-flood,train,142,816443,232133,0,0,142,0,0
brightv1__libya-flood_00000088,libya-flood,train,15,1031214,17362,0,0,15,0,0
brightv1__libya-flood_00000089,libya-flood,train,125,626348,422228,0,0,125,0,0
brightv1__libya-flood_00000090,libya-flood,train,115,599649,448927,0,0,115,0,0
brightv1__libya-flood_00000091,libya-flood,train,162,622338,426238,0,0,162,0,0
brightv1__libya-flood_00000092,libya-flood,val,164,657007,391569,0,0,164,0,0
brightv1__libya-flood_00000093,libya-flood,train,118,727502,321074,0,0,118,0,0
brightv1__libya-flood_00000094,libya-flood,train,124,683483,365093,0,0,124,0,0
brightv1__libya-flood_00000095,libya-flood,train,93,812858,235718,0,0,93,0,0
brightv1__libya-flood_00000096,libya-flood,train,2,1047862,714,0,0,2,0,0
brightv1__libya-flood_00000097,libya-flood,val,1,1039940,8636,0,0,1,0,0
brightv1__libya-flood_00000098,libya-flood,train,3,1028776,19800,0,0,3,0,0
brightv1__libya-flood_00000099,libya-flood,train,8,1038135,10441,0,0,8,0,0
brightv1__libya-flood_00000101,libya-flood,train,113,863961,184615,0,0,113,0,0
brightv1__libya-flood_00000102,libya-flood,val,132,685737,362839,0,0,132,0,0
brightv1__libya-flood_00000103,libya-flood,val,187,542300,506276,0,0,187,0,0
brightv1__libya-flood_00000107,libya-flood,train,8,1038785,9791,0,0,8,0,0
brightv1__libya-flood_00000108,libya-flood,val,5,1045808,2768,0,0,5,0,0
brightv1__libya-flood_00000109,libya-flood,val,18,1036845,11731,0,0,18,0,0
brightv1__libya-flood_00000110,libya-flood,train,6,1044524,4052,0,0,6,0,0
brightv1__libya-flood_00000111,libya-flood,train,16,988865,59711,0,0,16,0,0
brightv1__libya-flood_00000112,libya-flood,train,13,1011580,36996,0,0,13,0,0
brightv1__libya-flood_00000113,libya-flood,val,32,940387,108189,0,0,32,0,0
brightv1__libya-flood_00000115,libya-flood,val,3,983102,65474,0,0,3,0,0
brightv1__libya-flood_00000116,libya-flood,train,18,1022701,25875,0,0,18,0,0
brightv1__libya-flood_00000118,libya-flood,train,10,1040329,8247,0,0,10,0,0
brightv1__libya-flood_00000119,libya-flood,train,32,1006454,42122,0,0,32,0,0
brightv1__libya-flood_00000120,libya-flood,train,38,909744,138832,0,0,38,0,0
brightv1__libya-flood_00000121,libya-flood,train,30,891489,157087,0,0,30,0,0
brightv1__libya-flood_00000123,libya-flood,train,3,1043810,4766,0,0,3,0,0
