bootstrap_iterations,bootstrap_seed,bootstrap_unit,building_only_damage_binary_f1,building_only_damage_macro_f1,building_only_f1_damaged,building_only_f1_destroyed,building_only_f1_intact,building_only_macro_f1_3class,building_only_precision_damaged,building_only_precision_destroyed,building_only_precision_intact,building_only_recall_damaged,building_only_recall_destroyed,building_only_recall_intact,building_only_support_damaged,building_only_support_destroyed,building_only_support_intact,damaged_event_count,damaged_event_mean_f1,damaged_event_std_f1,destroyed_event_count,destroyed_event_mean_f1,destroyed_event_std_f1,evaluation,event_class_cell_count,event_class_macro_f1,event_class_macro_f1_ci95,event_count,event_macro_bo_f1,event_macro_bo_f1_ci95,experiment,pixels_total,strategy,worst_event_bo_f1,worst_event_id
10000,20260803,event,0.0819577909219247,0.05184362825547006,0.049786141594835534,0.05390111491610458,0.838707495858354,0.31413158412309805,,,,,,,,,,5,0.023970077886628634,0.02632601043945561,5,0.04752933542077534,0.056327018743672526,/home/yr/code/Building damage change detection/stage1_optical_building/outputs/stage2/event_shortcut_v1/D1_pre_only/seed_42/run_20260803_132639/val_best_grade,15,0.2901475727677206,"[0.2757842586873013, 0.30590552252084985]",5,0.2901475727677206,"[0.2757842586873013, 0.3059055225208499]",D1_pre_only,,,0.2702749483580324,marshall_wildfire
10000,20260803,event,0.14491438312910118,0.05712916266260098,0.015256757464082647,0.09900156786111931,0.8510962218363879,0.3217848490538633,,,,,,,,,,5,0.045833126438653324,0.0782051471877887,5,0.053983251881275826,0.06384895872323686,/home/yr/code/Building damage change detection/stage1_optical_building/outputs/stage2/event_shortcut_v1/D2_background_only/seed_42/run_20260803_132639/val_best_grade,15,0.3188401913630676,"[0.30120437204155615, 0.3432368747341924]",5,0.3188401913630676,"[0.3012043720415562, 0.3432368747341924]",D2_background_only,,,0.2963555206389796,morocco_earthquake
10000,20260803,event,0.0,0.0,0.0,0.0,0.9018790036405566,0.3006263345468522,0.0,0.0,0.8212929236673555,0.0,0.0,1.0,5613482.0,3688125.0,42747854.0,5,0.0,0.0,5,0.0,0.0,/home/yr/code/Building damage change detection/stage1_optical_building/outputs/stage2/event_shortcut_v1/D3_event_prior/run_20260803_final,15,0.30151922054700203,"[0.2709057007363211, 0.32924680531214534]",5,0.301519220547002,"[0.27090570073632103, 0.3292468053121453]",D3_global_train_prior_on_val,52049461.0,global_train_prior_on_val,0.2500715574605986,bata_explosion
10000,20260803,event,0.10847387834292432,0.07761428966211173,0.08184206735903128,0.07338651196519218,0.8399543638231581,0.3317276477157939,0.22736687975429448,0.062179722591033645,0.8144857095963842,0.04990236006813596,0.08952109811896289,0.8670672216668467,5613482.0,3688125.0,42747854.0,5,0.07409907616207172,0.14819815232414343,5,0.023415895170491568,0.046831790340983136,/home/yr/code/Building damage change detection/stage1_optical_building/outputs/stage2/event_shortcut_v1/D3_event_prior/run_20260803_final,15,0.21972841074085886,"[0.11423759146477334, 0.3197060785736382]",5,0.21972841074085886,"[0.11423759146477334, 0.31970607857363814]",D3_train_disaster_prior_on_val,52049461.0,train_disaster_prior_on_val,0.03902649195081928,marshall_wildfire
10000,20260803,event,0.0,0.0,0.0,0.0,0.9018790036405566,0.3006263345468522,0.0,0.0,0.8212929236673555,0.0,0.0,1.0,5613482.0,3688125.0,42747854.0,5,0.0,0.0,5,0.0,0.0,/home/yr/code/Building damage change detection/stage1_optical_building/outputs/stage2/event_shortcut_v1/D3_event_prior/run_20260803_final,15,0.30151922054700203,"[0.2709057007363211, 0.32924680531214534]",5,0.301519220547002,"[0.27090570073632103, 0.3292468053121453]",D3_oracle_val_event_prior_upper_bound,52049461.0,oracle_val_event_prior_upper_bound,0.2500715574605986,bata_explosion
10000,20260803,event,0.0,0.0,0.0,0.0,0.9018790036405566,0.3006263345468522,0.0,0.0,0.8212929236673555,0.0,0.0,1.0,5613482.0,3688125.0,42747854.0,5,0.0,0.0,5,0.0,0.0,/home/yr/code/Building damage change detection/stage1_optical_building/outputs/stage2/event_shortcut_v1/D3_event_prior/run_20260803_final,15,0.30151922054700203,"[0.2709057007363211, 0.32924680531214534]",5,0.301519220547002,"[0.27090570073632103, 0.3292468053121453]",D3_leave_one_image_out_val_event_prior,52049461.0,leave_one_image_out_val_event_prior,0.2500715574605986,bata_explosion
10000,20260803,event,0.45054022445355707,0.3689166439310535,0.23632769220742542,0.5015055956546816,0.38918045162487286,0.37567124649565997,,,,,,,,,,1,0.23632769220742542,0.0,1,0.5015055956546816,0.0,/home/yr/code/Building damage change detection/stage1_optical_building/outputs/stage2/event_shortcut_v1/D4_LOEO_beriut_explosion/seed_42/run_20260803_142428/val_best_grade,3,0.37567124649565997,"[0.37567124649565997, 0.37567124649565997]",1,0.37567124649565997,"[0.37567124649565997, 0.37567124649565997]",D4_LOEO_beriut_explosion,,,0.37567124649565997,beriut_explosion
10000,20260803,event,0.905239680798026,0.4423328752285286,0.0076902678334659245,0.8769754826235913,0.172491554909198,0.3523857684554184,,,,,,,,,,1,0.0076902678334659245,0.0,1,0.8769754826235913,0.0,/home/yr/code/Building damage change detection/stage1_optical_building/outputs/stage2/event_shortcut_v1/D4_LOEO_hawaii_wildfire/seed_42/run_20260803_141924/val_best_grade,3,0.3523857684554184,"[0.3523857684554184, 0.3523857684554184]",1,0.3523857684554184,"[0.3523857684554184, 0.3523857684554184]",D4_LOEO_hawaii_wildfire,,,0.3523857684554184,hawaii_wildfire
10000,20260803,event,0.08159137635954918,0.17211237177037195,0.011468166475661273,0.3327565770650826,0.6846369102253936,0.3429538845887125,,,,,,,,,,1,0.011468166475661273,0.0,1,0.3327565770650826,0.0,/home/yr/code/Building damage change detection/stage1_optical_building/outputs/stage2/event_shortcut_v1/D4_LOEO_libya_flood/seed_42/run_20260803_141213/val_best_grade,3,0.3429538845887125,"[0.3429538845887125, 0.3429538845887125]",1,0.3429538845887125,"[0.3429538845887125, 0.3429538845887125]",D4_LOEO_libya_flood,,,0.3429538845887125,libya_flood
10000,20260803,event,0.2567093047236243,0.14473675448994855,0.2331305462764541,0.05634296270344301,0.8610584155405698,0.38351064150682235,,,,,,,,,,1,0.2331305462764541,0.0,1,0.05634296270344301,0.0,/home/yr/code/Building damage change detection/stage1_optical_building/outputs/stage2/event_shortcut_v1/D4_LOEO_myanmar_hurricane/seed_42/run_20260803_140449/val_best_grade,3,0.38351064150682235,"[0.38351064150682235, 0.38351064150682235]",1,0.38351064150682235,"[0.38351064150682235, 0.38351064150682235]",D4_LOEO_myanmar_hurricane,,,0.38351064150682235,myanmar_hurricane
10000,20260803,event,0.3879170777430981,0.19036692271307298,0.003425588694530941,0.377308256731615,0.520008925355596,0.3002475902605806,,,,,,,,,,1,0.003425588694530941,0.0,1,0.377308256731615,0.0,/home/yr/code/Building damage change detection/stage1_optical_building/outputs/stage2/event_shortcut_v1/D4_LOEO_spain_la_palma_volcano/seed_42/run_20260803_134505/val_best_grade,3,0.3002475902605806,"[0.3002475902605806, 0.3002475902605806]",1,0.3002475902605806,"[0.3002475902605806, 0.3002475902605806]",D4_LOEO_spain_la_palma_volcano,,,0.3002475902605806,spain_la_palma_volcano
10000,20260803,event,0.11975003974967165,0.0224473637657986,0.0448947275315972,0.0,0.8598195198534757,0.3015714157950243,,,,,,,,,,1,0.0448947275315972,0.0,1,0.0,0.0,/home/yr/code/Building damage change detection/stage1_optical_building/outputs/stage2/event_shortcut_v1/D4_LOEO_turkey_earthquake5/seed_42/run_20260803_143148/val_best_grade,3,0.3015714157950243,"[0.3015714157950243, 0.3015714157950243]",1,0.3015714157950243,"[0.3015714157950243, 0.3015714157950243]",D4_LOEO_turkey_earthquake5,,,0.3015714157950243,turkey_earthquake5
10000,20260803,event,0.42627122918200727,0.19889571591656457,0.37076600262523507,0.027025429207894077,0.5334911726991203,0.31042753484408314,,,,,,,,,,1,0.37076600262523507,0.0,1,0.027025429207894077,0.0,/home/yr/code/Building damage change detection/stage1_optical_building/outputs/stage2/event_shortcut_v1/D4_LOEO_ukraine_conflict/seed_42/run_20260803_134548/val_best_grade,3,0.31042753484408314,"[0.31042753484408314, 0.31042753484408314]",1,0.31042753484408314,"[0.31042753484408314, 0.31042753484408314]",D4_LOEO_ukraine_conflict,,,0.31042753484408314,ukraine_conflict
10000,20260803,event,,,,,,,,,,,,,,,,7,0.1296718559491957,0.1374161859443696,7,0.31027347199804395,0.2936713009626784,combined held-out events; no pixel-weighted global F1,21,0.33810972599232875,"[0.31468269767508034, 0.3617100512720487]",7,0.33810972599232875,"[0.3146826976750803, 0.3617100512720487]",D4_LOEO_event_macro,,,0.3002475902605806,spain_la_palma_volcano
